FullName,CustomerCategoryId
Eamon Lathleiff,2
Perla Ruter,3
Mallorie Sturt,1
Laurette Colbourne,2
Biddie Dinneen,5
Jereme Sagerson,2
Ricard Bartolomeo,5
Cornelle Millthorpe,5
Kira Crassweller,1
Chelsey Alforde,2
Joscelin Hounsom,3
Patricio Burley,1
Haskell Lamberteschi,5
Walsh Danbrook,4
Roberto Casper,4
Brina McGifford,4
Justinian Critchley,3
Carlita Faier,2
Laughton Felstead,3
Patrick Deinert,2
Marcy Cassar,4
Riva Crow,1
Orran Bog,3
Jolyn Turban,2
Arlinda Cordle,4
Meredeth Slobom,2
Emeline Baelde,5
Ky Tune,3
Mella Biner,2
Mahalia Fidelus,1
Gale Briatt,5
Moss Dunthorne,2
Roana Lyle,1
Janella Punch,4
Kristoffer Rousel,1
Martynne Ransom,3
Meris McPartling,4
Camilla Sandilands,5
Ettie Sollime,5
April Kliesl,5
Jane Preble,5
Sosanna Bakewell,3
Yanaton Lippiatt,3
Shayla Trulocke,3
Clement Farrear,1
Josias Cohen,1
Faun Plowes,5
Gwendolen Beaushaw,3
Nananne Loosley,4
Allyce Dreye,5
Demetris Ladloe,2
Danica Upstone,1
Don Cronkshaw,5
Maure Druhan,1
Hobey Chenery,5
Eda Garland,2
Corie Noddle,2
Jaine MacCrann,1
Bunnie Wimbridge,2
Bobbette Vernalls,4
Morly Casewell,5
Janette Esche,2
Filmer Guillford,5
Diana Dallicoat,2
Cobby Manhood,4
Haze Scowcraft,4
Nobie Fowls,5
Lenee Skoate,3
Bridgette Lorente,2
Gwenneth Petr,2
Teri MacKeeg,5
Rayner Skotcher,4
Linell Himsworth,4
Melva Dayley,4
Saxon McEneny,3
Cornelius McGennis,4
Umberto Hairsine,5
Cyril Burling,2
Trefor Alger,5
Marget Barrett,4
Carmine Thorington,4
Kipp de Pinna,5
Irena De Maine,2
Regan MacGillespie,2
Shane Stuckley,3
Terese Luffman,2
Brennen Mil,4
Godfree Heighway,2
Gabriell Beattie,3
Carley Giacoppoli,4
Abbey Lanon,3
Ashley Gilphillan,4
Conrado Ferri,2
Rosina Stickins,5
Sinclare Meddick,4
Katti Ingrem,2
Ly Vakhrushev,3
Vin Quince,4
Ramsay Rollins,3
Sterne Aronowitz,3
Devina Whaley,4
Evan Newland,3
Vonni Tedridge,3
Birgitta Tesche,2
Lillis Sofe,3
Brade Crabbe,4
Manny Bartolozzi,5
Buffy Riddle,2
Bethany Roblin,3
Eleanore Morrilly,3
Rudy Cruikshanks,2
Alecia Chattaway,1
Wildon Deackes,1
Bendix Lipscombe,2
Lenci Rubinowitsch,5
Shelley Sapena,1
Alric Mitchener,4
Hersch Steely,2
Job Liccardo,2
Darda Eddicott,3
Conant Langland,1
Jorrie Rosin,4
Bibbie Headech,2
Erik Whittlesea,4
Susi Neylan,4
Courtnay Tresvina,1
Thorn Atger,4
Heinrick Hayhoe,4
Jaime Olenchenko,5
Damon Shemwell,3
Jacynth Heisman,4
Christoper Tattershall,4
Anny Vigors,2
Ross Whicher,3
Demetri Sarre,5
Brion Yansons,4
Grata Greenstock,1
Hall Gierke,2
Amye Tomankiewicz,4
Brock Golland,2
Carrie Dornin,1
Vasili Pocock,2
Meredith Catterall,4
Berty Boxell,1
Robbie Chopping,2
Nanny McIllroy,1
Bar Khomin,1
Sianna Rose,1
Jessalyn Rigmand,4
Tracy Milksop,1
Em Trayes,2
Corey Winfrey,1
Wes Petheridge,3
Florian Beaty,5
Angy Malmar,4
Garnet Knowlson,1
Agnella Veare,2
Johnathan Bugdall,4
Natividad Heggman,4
Garnet Woolner,3
Janette Tomasz,2
Simonette Skein,3
Martynne Yurchishin,5
Guthrie Suarez,1
Fayette Lamport,5
Sherrie O'' Kelleher,5
Clive Clendennen,2
Cathrin Standering,2
Rancell Algy,1
Nicoli Atterley,4
Jo-ann MacRitchie,2
Alisa Hunnicutt,4
Kirk Ianitti,3
Marquita Sperwell,3
Querida Fedoronko,2
Cordy Rubie,3
Nicolea McLaughlan,4
Fionna Devereux,2
Pavel Monte,1
Trstram Baltrushaitis,2
Brigit Povey,1
Estele Latey,1
Glyn Scoone,3
Katie Cornely,2
Paolina Jagels,5
Derward Rapi,3
Bridie Divver,4
Cordie Measen,4
Blayne Mattek,1
Clementia Sodeau,4
Isabella Brocking,4
Erv Bellocht,5
Greg Ruusa,1
Ernesta Ginn,2
Mandy Rocca,5
Demetra Cockren,2
Derby Le Sarr,4
Cullie Tremouille,3
Alvie Daverin,3
Joyan Crimes,5
Tan Tregensoe,1
Annalise Strete,4
Sella Hubbins,1
Euell Dumphry,4
Pandora Trouel,4
Granville Streeten,4
Cordey De Filippis,5
Flem Ollenbuttel,5
Sheffield Snowding,3
Eustacia Godthaab,4
Ruben McGorman,3
Mal Zappel,2
Mariam Durrance,4
Dougy Martinovic,1
Reginauld Cuberley,4
Jule Taft,4
Rodolphe Chipping,2
Marcela Gabbat,5
Avery Jekel,5
Kally Bedome,1
Udale Duran,1
Brynne Ashenhurst,1
Valencia Franceschelli,2
Sondra Novotne,2
Liane Simionato,3
Trip Weldrick,5
Adrienne Davie,3
Quintin Swatland,3
Berny Towler,4
Emmy Grzelewski,2
Alexina Flanne,2
Rena Shoesmith,1
Sorcha Suscens,3
Kelley Patient,1
Josefa Gorring,5
Gayla Heel,1
Berkie Vedenyapin,3
Jone Shovelton,1
Raffarty Brougham,3
Cherianne Dudman,5
Amie Zoren,3
Hagen Gingell,1
Layton Bardwall,4
Merna Hazard,4
Rainer Oran,1
Alis Chasmar,5
Deloria Yerbury,4
Alisha Woodyatt,5
Noni Elstob,2
Emmery Shropshire,2
Neill Eteen,4
Marika Domel,4
Ricki Mc Andrew,2
Ginevra Luttgert,3
Brett Di Roberto,4
Yulma Biermatowicz,5
Thibaud Beddingham,4
Richmond Niche,2
Dotti Shireff,4
Celie Yarrington,4
Jarrett Hook,4
Nicholas Pahl,4
Ketty Gremane,5
Shela Llopis,2
Connor Bentje,1
Jeramie Napoleone,3
Allianora Farnell,2
Codie Cargo,2
Ford Putland,4
Ethelind Kale,5
Kassie MacMeekan,2
Johann Haydon,3
Benton Sellek,4
Kevon Cochet,2
Tracie Hodinton,2
Ki Wallen,5
Sybyl Leggat,2
Laney Joriot,2
Ludvig MacCrann,5
Bronny Kynnd,4
Catherin Pickford,2
Randell Birnie,5
Ros Bonafant,5
Chelsae Ludlamme,3
Ashleigh Pepperd,1
Nathalie Dalgety,2
Louie Ardron,2
Ahmad Youde,4
Celestina Rolfo,4
Michal Corwood,2
Granville Roddy,3
Maddi Westrey,5
Ray McGraffin,1
Lilllie Domerq,4
Sephira Fellibrand,2
Flss Darcy,5
Vitia Vint,2
Lacy Snedden,3
Conroy Nicholas,3
Rolando Ahlin,1
Kimball Sumpter,3
Glynis Olifaunt,1
Lizabeth Sprigg,5
Robenia Gerrad,2
Camellia Westby,1
Maureene Issatt,3
Roslyn Loades,5
Olivette Tunkin,2
Romonda Gerssam,1
Charmine Craise,4
Margi Kaliszewski,4
Paige Ascraft,2
Olive Amberson,2
Pren Olczyk,5
Whitaker McCaighey,5
Bendix Hasell,5
Christiano Poytress,3
Brigham McEntagart,1
Liane Traise,2
Bennett Perryn,4
Margarethe Harkin,3
Mehetabel Moorrud,2
Demetrius Ambridge,3
Heriberto Tadlow,4
Chrissie Honnan,3
Constanta O''Flynn,5
Adrian Dunston,5
Reggie Windridge,4
Lucias Ewin,3
Vina Torresi,2
Lizabeth Salzburg,1
Jens Pithie,3
Tobit Bergstrand,4
Erny Brigg,1
Dahlia Perello,4
Britni Brenstuhl,3
Malva Bedson,3
Ashlie Piddick,3
Lorie Crosser,2
Beniamino Gilcriest,1
Edvard Ringham,5
Chrisse Gowrie,2
Heall Filippazzo,2
Luelle Weitzel,2
Alexandra Dikle,1
Innis Foxten,4
Whitney Vasin,2
Annabela Patzelt,5
Feodora Dogg,3
Maurita Gawthorpe,2
Rachelle Costerd,1
Nicola Meeland,3
Ransom Gubbins,3
Foster Beeck,2
Madel Marris,1
Simone Fanner,5
Tristan Ackery,2
Marieann Baggiani,1
Cord Ashard,1
Rafael O''Crowley,5
Arvin Hentzeler,4
Danyette Whitwham,1
Jennilee O''Hollegan,5
Pippy Sore,2
Clive Keggins,5
Zak Tittershill,2
Sidonia Dilloway,1
Janelle Paish,2
Durand Korf,3
Leilah Gosnall,4
Rozalin Rosevear,3
Juliane Sustins,4
Collen Doble,3
Nolly Hellings,4
Sharyl Bridle,5
Kerri Coughtrey,2
Vanessa Roseborough,1
Mozelle Abramzon,3
Lothario Thornhill,2
Mathilde Brason,5
Bryn Setchfield,3
Adham Rouzet,3
Roselin Jankiewicz,1
Sasha Gutowski,3
Brietta Kira,3
Ax Bausor,2
Enos Djurevic,4
Benoit Gateman,4
Elwira Bernardoux,5
Boycie McGillivrie,5
Natty Gadsby,4
Krystal Gypson,1
Jany Tease,3
Tally Sevin,2
Briny Ceaplen,4
Sam Dannatt,5
Remington Titcumb,2
Sanderson Moulson,2
Kurt Smees,3
Byrann Adanet,2
Derrick Keaveney,4
Francisca Merriment,4
Harwell Braunstein,4
Jennica Rustedge,1
Bart Spivie,2
Livvy Lanphere,2
Gwenneth Hatton,4
Whitney Leglise,2
Fair Rayburn,4
Hilly Frowde,2
Boris Langan,1
Maighdiln Lamartine,2
Christabel Gandley,2
Melonie Sutehall,3
Denys Tatters,5
Bearnard Preto,2
Leda Kevern,2
Zandra Salmen,1
Ford Labram,2
Fern Ginnell,2
Tadd Marti,2
Sheryl Castagneto,4
Gibby Wheble,4
Becky Feltham,5
Miner Impey,1
Brent Vaskov,3
Eugenius Nabbs,5
Dix Preto,2
Arlen Pietruszka,2
Katrina De la Zenne,2
Herta McCallister,3
Flore Tummons,5
Keenan Renihan,4
Christy Hannabus,5
Anthony Gudde,1
Valli Kefford,4
Danny Rosas,2
Gregorio Fitzgerald,4
Yovonnda Poynser,4
Betsy Cadalleder,1
Elberta Goodsal,2
Hadlee Leckenby,5
Bili Probat,1
Bobbee Bodocs,2
Clemmy Grzesiak,2
Baird Malcher,4
Vonnie Doole,4
Yevette Gepson,1
Corny Henrique,4
Lyn Cartwright,5
Kendre Pannaman,1
Nikola Grichukhin,1
Berton Orrell,4
Hakeem Shoreson,3
Adam Linden,5
Aloysia Stileman,1
Debera Arlow,4
Joice Vagges,3
Fay Perch,5
Stevena Oller,5
Berke Millberg,1
Virgil Nield,4
Christa Durdy,5
Ignatius Danielczyk,4
Devy Oliphand,2
Mela Bottini,4
Padget Figgins,3
Jacklyn De Haven,1
Theadora Barczynski,5
Tonya Hambright,2
Luce Arkow,2
Appolonia Pyvis,4
Fifi Kearton,3
Corrinne Poyle,4
Linnet Dabell,3
Chrissy Berntssen,4
Barby Turbern,2
Layton Baldi,3
Cart Ivancevic,1
Adrian Blofeld,2
Giorgi Goscar,4
Fin Brett,3
Arlen Matzel,2
Gaylord Griggs,1
Minor Clohissy,1
Harman Mead,1
Sander Semrad,4
Vonnie Iacovini,3
Alfredo Tippler,1
Cornall Trammel,4
Gertrudis Wedderburn,2
Lotty Ranger,3
Jolyn Benford,5
Nataniel Prise,3
Lorenzo Wheal,3
Katee Wildish,5
Connie Brunsen,3
Pasquale De Giovanni,2
Rudd Sainte Paul,4
Larina Seabourne,5
